<?xml version="1.0" encoding="UTF-8"?><Goods xmlns="http://www.chinaport.gov.cn/ecss"><GoodsHead><customsCode>1111</customsCode><cbeCode>1</cbeCode><cbeName>11</cbeName><applyCode>2</applyCode><applyName>22</applyName><agentCode>4</agentCode><agentName>44</agentName><accessType>2</accessType><ieType>I</ieType><appUid>5</appUid><appUname>55</appUname></GoodsHead><GoodsList><goodsNo>NF000023</goodsNo><shelfGoodsName>备案奶粉测试</shelfGoodsName><describe>备案奶粉测试</describe><codeTs></codeTs><goodsName>备案奶粉测试</goodsName><goodsModel>罐|120KG</goodsModel><unit>122</unit><unit1></unit1><unit2></unit2><country>104</country><price>300.00</price><currency>142</currency><image></image><barCode></barCode><taxCode>1101</taxCode><ecpCode>3</ecpCode><ecpName>33</ecpName><isTax></isTax><superviseId></superviseId><itemNo></itemNo><limitationGoodsCode></limitationGoodsCode><batchNumbers></batchNumbers><brand></brand><giftFlag></giftFlag><modifyMark>1</modifyMark><note></note><appTime>20150525160528</appTime><appStatus>2</appStatus><appUid>5</appUid><appUname>55</appUname></GoodsList></Goods>