<?xml version="1.0" encoding="UTF-8"?><Order xmlns="http://www.chinaport.gov.cn/ecss"><OrderHead><cbeCode>DS00025</cbeCode><cbeName>安优免税海关商城</cbeName><ecpCode>PT0212136</ecpCode><ecpName>海关商城</ecpName><orderNo>201505142054329922</orderNo> <charge>36.00</charge><goodsValue>36.00</goodsValue><freight></freight><other></other><currency>142</currency><tax></tax><customer></customer><shipper></shipper><shipperAddress></shipperAddress><shipperTelephone></shipperTelephone><shipperCountry></shipperCountry><consignee>赵坤</consignee><consigneeAddress>河北省石家庄市市辖区南窑头东区36排</consigneeAddress><consigneeTelephone>15452636363</consigneeTelephone><consigneeCountry></consigneeCountry><idType>1</idType><customerId></customerId><accessType>2</accessType><ieType>I</ieType><batchNumbers></batchNumbers><totalLogisticsNo></totalLogisticsNo><tradeCountry></tradeCountry><agentCode></agentCode><agentName></agentName><wrapType></wrapType><modifyMark>1</modifyMark><note></note><appTime>20150525190557</appTime><appStatus>2</appStatus><appUid>610122198501011234</appUid><appUname>安优者</appUname></OrderHead><OrderList><itemNo></itemNo><goodsNo>1000004</goodsNo><shelfGoodsName>费列罗巧克力礼盒装 喜A糖情人节礼物零食品虎牌</shelfGoodsName><describe></describe><codeTs></codeTs><goodsName></goodsName><goodsModel></goodsModel><taxCode></taxCode><price></price><currency>142</currency><quantity>1</quantity><priceTotal>36.00</priceTotal><unit></unit><discount></discount><giftFlag></giftFlag><country></country><purposeCode></purposeCode><wasteMaterials>1</wasteMaterials><wrapType></wrapType><packNum></packNum><barCode></barCode><brand>德国爱他美</brand><note></note></OrderList><OrderList><itemNo></itemNo><goodsNo>1000003</goodsNo><shelfGoodsName>Coppertone水宝宝水嫩防晒乳SAPF70_237ml无油防水</shelfGoodsName><describe></describe><codeTs></codeTs><goodsName></goodsName><goodsModel></goodsModel><taxCode></taxCode><price></price><currency>142</currency><quantity>1</quantity><priceTotal>36.00</priceTotal><unit></unit><discount></discount><giftFlag></giftFlag><country></country><purposeCode></purposeCode><wasteMaterials>1</wasteMaterials><wrapType></wrapType><packNum></packNum><barCode></barCode><brand>德国爱他美</brand><note></note></OrderList><OrderPaymentLogistics><paymentCode></paymentCode><paymentName></paymentName><paymentType></paymentType><paymentNo></paymentNo><logisticsCode></logisticsCode><logisticsName></logisticsName><logisticsNo></logisticsNo><trackNo></trackNo></OrderPaymentLogistics></Order>