<?xml version="1.0" encoding="UTF-8"?><Goods xmlns="http://www.chinaport.gov.cn/ecss"><GoodsHead><customsCode>1234</customsCode><cbeCode>DS00025</cbeCode><cbeName>安优免税海关商城</cbeName><applyCode>CN0000021</applyCode><applyName>西安XXXX企业</applyName><agentCode>123456</agentCode><agentName>电子购物商城</agentName><accessType>2</accessType><ieType>I</ieType><appUid>610122198501011234</appUid><appUname>安优者</appUname></GoodsHead><GoodsList><goodsNo></goodsNo><shelfGoodsName>无比滴 池田模范堂 婴儿童防蚊液 宝宝驱蚊水 消除宝宝红肿迅速止痒 防蚊虫叮咬 50ml </shelfGoodsName><describe>无比滴 池田模范堂 婴儿童防蚊液 宝宝驱蚊水 消除宝宝红肿迅速止痒 防蚊虫叮咬 50ml </describe><codeTs></codeTs><goodsName>无比滴 池田模范堂 婴儿童防蚊液 宝宝驱蚊水 消除宝宝红肿迅速止痒 防蚊虫叮咬 50ml </goodsName><goodsModel>|50ml</goodsModel><unit>0</unit><unit1></unit1><unit2></unit2><country>116</country><price>0.00</price><currency>0</currency><image></image><barCode></barCode><taxCode>1101</taxCode><ecpCode>PT0212136</ecpCode><ecpName>海关商城</ecpName><isTax></isTax><superviseId></superviseId><itemNo></itemNo><limitationGoodsCode></limitationGoodsCode><batchNumbers></batchNumbers><brand></brand><giftFlag></giftFlag><modifyMark>2</modifyMark><note></note><appTime>20150624140643</appTime><appStatus>2</appStatus><appUid>610122198501011234</appUid><appUname>安优者</appUname></GoodsList></Goods>