<?xml version="1.0" encoding="UTF-8"?><Goods xmlns="http://www.chinaport.gov.cn/ecss"><GoodsHead><customsCode>1234</customsCode><cbeCode>DS00025</cbeCode><cbeName>安优免税海关商城</cbeName><applyCode>CN0000021</applyCode><applyName>西安XXXX企业</applyName><agentCode>123456</agentCode><agentName>电子购物商城</agentName><accessType>2</accessType><ieType>I</ieType><appUid>610122198501011234</appUid><appUname>安优者</appUname></GoodsHead><GoodsList><goodsNo>410092</goodsNo><shelfGoodsName>Milkhill捷淳部分脱脂纯牛奶</shelfGoodsName><describe>Milkhill捷淳部分脱脂纯牛奶</describe><codeTs></codeTs><goodsName>Milkhill捷淳部分脱脂纯牛奶</goodsName><goodsModel>盒|1000</goodsModel><unit>140</unit><unit1></unit1><unit2></unit2><country>304</country><price>21.00</price><currency>142</currency><image></image><barCode></barCode><taxCode>1101</taxCode><ecpCode>PT0212136</ecpCode><ecpName>海关商城</ecpName><isTax></isTax><superviseId></superviseId><itemNo></itemNo><limitationGoodsCode></limitationGoodsCode><batchNumbers></batchNumbers><brand></brand><giftFlag></giftFlag><modifyMark>2</modifyMark><note></note><appTime>20150610200610</appTime><appStatus>2</appStatus><appUid>610122198501011234</appUid><appUname>安优者</appUname></GoodsList></Goods>